username,url,fullName,biography,followersCount,followsCount,highlightReelCount,postsCount
,https://www.instagram.com/popular/im-a-street-photographer/,,,,,,
,https://www.instagram.com/popular/street-photographer/,,,,,,
mikeypstreetphotography,https://www.instagram.com/mikeypstreetphotography,Mikey P | street photographer,"Street photographer (mostly in London)
Canon PowerShot G1X",533.0,618.0,2.0,667.0
callmeshlomi,https://www.instagram.com/callmeshlomi,Toronto Street Photographer,"Street Photographer
Sometimes itâ€™s funny, sometimes itâ€™s not.
Shop prints â¬‡ï¸",1139.0,458.0,0.0,361.0
styleclicker,https://www.instagram.com/styleclicker,Gunnar | Street Style + Portrait Photography,"ğŸ“¸| Mission: Let People Shineâœ¨
ğŸŒˆ| Real-Life Stories, Human Connections",759221.0,1254.0,1.0,474.0
jad__jadsada,https://www.instagram.com/jad__jadsada,JAD JADSADA,"Street photographer
GR Brand Ambassador(Thailand)
Member SPT",13957.0,301.0,10.0,418.0
jeddygraphy,https://www.instagram.com/jeddygraphy,Street Photography,"Muhammad Huzaifa
Street photographer | ğŸ“·
@huzaifajeddy
â¤ï¸Ù„Ø§ØªØ­Ø²Ù† Ø§Ù† Ø§Ù„Ù„Ù‡ Ù…Ø¹Ù†
Travel | Explore | InspireğŸ”
Based in karachiğŸ“
IU |ğŸ“
EngagedğŸ’",534.0,2172.0,4.0,61.0
shotsby_sajbengy,https://www.instagram.com/shotsby_sajbengy,Sajben Gyuri | Street photography,"Hi! I am Gyuri ğŸ‘‹
ğŸ“ | Hungary
ğŸ“· | Street Photographer
        Cinematic Street Presets â¤µï¸",26171.0,338.0,0.0,199.0
pure.street.photography,https://www.instagram.com/pure.street.photography,Pure Street Photography Â®,"â­ Become A Member : Link in Bio
ğŸ”¹Founders & Curators: @Dimpy.Bhalotia and @kamalkumaarrao
â­ Awards : @purestreetphotographyawards",222357.0,3.0,12.0,3938.0
takeashot_,https://www.instagram.com/takeashot_,Alex | Street Photography,ğŸ“MV,16012.0,1008.0,13.0,621.0
streetsnappers,https://www.instagram.com/streetsnappers,STREETSNAPPERS COMMUNITY | curated by Brian Lloyd Duckett,Images from members of the StreetSnappers Collective | Street photography workshops | #streetphotography | See Brianâ€™s own work at @duxduckett,32009.0,2229.0,12.0,2776.0
theindependentphoto,https://www.instagram.com/theindependentphoto,The Independent Photographer,"Celebrating photography & supporting emerging artists. 2025 Travel Photo Award: Final days! - Submit your work hereğŸ‘‡- Deadline: August 31, 2025",910147.0,299.0,15.0,6281.0
streetphotographyworldwide,https://www.instagram.com/streetphotographyworldwide,Streetphotographyworldwide,"â€˜Let's Tell Your Storiesâ€™
Use #streetphotographyworldwide",76102.0,6.0,2.0,1721.0
themonoproject,https://www.instagram.com/themonoproject,STREET PHOTOGRAPHER - iphone,Me: @tonidarcy // info@tonidarcy.co.uk // #streetphotography #iPhoneonly //,2154.0,44.0,1.0,97.0
streetography,https://www.instagram.com/streetography,Street Photographer ğŸ“¸,Most of what I do is collecting the moments of others,316.0,288.0,0.0,120.0
urbanstreetphotogallery,https://www.instagram.com/urbanstreetphotogallery,Simona | nfturban | Urban Street Photo Gallery,Urban Photography & NFTs | cover by @bry.laborde | info & collab: DM to Simona ğŸ’«,144281.0,7424.0,55.0,1567.0
pdx.is.cinematic,https://www.instagram.com/pdx.is.cinematic,PDX STREET PHOTOGRAPHY,"ğŸŒ§Welcome to a more photogenic PDX
ğŸ“¸Street Photographer
 âœˆï¸PDX Resident 
â¬‡ï¸Founder of  PDX is Cinematic Project",416.0,162.0,2.0,43.0
gally.streetphotography,https://www.instagram.com/gally.streetphotography,Paul Gallagher | Street Photographer York,"Street and Documentary Photographer based in York, England",4330.0,2432.0,2.0,244.0
streetphotographybnw,https://www.instagram.com/streetphotographybnw,Street Photography B&W,"'Let's tell your Storiesâ€™
Use #streetphotographybnw
@streetphotographyworldwide",106070.0,7.0,1.0,1739.0
sixstreetunder,https://www.instagram.com/sixstreetunder,Craig Whitehead,Workshops and classesğŸ‘‡ğŸ»,313773.0,2024.0,5.0,1336.0
urbanstreetphotography24,https://www.instagram.com/urbanstreetphotography24,Urban Street Photographer,"Internationally published photographer , I use and abuse a  Canon 80D & Sigma lenses . No money , No pictures.",2857.0,4452.0,14.0,1012.0
midlifeinparis,https://www.instagram.com/midlifeinparis,Paris Street Photography,"#streetphotography #travelwriter
Urban storyteller serving slices of life from the City of Light while splitting time b/w Paris & ChğŸ“cago.",28776.0,426.0,0.0,1314.0
streetphotographyguy,https://www.instagram.com/streetphotographyguy,Oliver Krumes,"Street Photography from Germany & worldwide. Ricoh GRist.
Follow me on YouTube:",29500.0,1673.0,5.0,795.0
nycspc,https://www.instagram.com/nycspc,NYC Street Photography Collective,"Dedicated to capturing life on the streets of NYC and beyond. 
Feed Curated by @zach_natural 
Use #nycspc for your chance to be featured on Sundays ğŸ–¤ğŸ¤",76080.0,19.0,6.0,3286.0
davethepreacher,https://www.instagram.com/davethepreacher,David Raichman,Executive Creative Director @Ogilvy Paris // Street Photographer // AI Artist,85296.0,224.0,8.0,1177.0
shotsavant,https://www.instagram.com/shotsavant,Safiullah Aryan,"LA ğŸ“ Street photographer and videographer of strangers! 
ğŸ‘°â€â™€ï¸ğŸ’ğŸ¤µâ€â™‚ï¸Wedding page @safiphotography.
Shotsavant@gmail.com",788341.0,1093.0,13.0,923.0
raymond_paul66,https://www.instagram.com/raymond_paul66,Street Photography - R.P.ğŸ“·,"IAM A STREET PHOTOGRAPHER FROM
 LIVERPOOL, LOVE SHOOTING STREET SCENE'S
 AND STREET CHARACTERS, ALSO LIKE TO VISIT
 OTHER CITIES AND COUNTRIES.ğŸ˜",5219.0,2336.0,0.0,1445.0
bruce_gilden,https://www.instagram.com/bruce_gilden,Bruce Gilden,"Artist. Member of Magnum Photos.
""I'm known for getting close, and the older I get, the closer I getâ€.",333023.0,240.0,12.0,1123.0
alan_schaller,https://www.instagram.com/alan_schaller,Alan Schaller,Founder of the Irys App - A new community for all the photography lovers! Coming this summer  - be among the first to join:,1151542.0,797.0,10.0,2555.0
mattu1,https://www.instagram.com/mattu1,Matt Stuart,,116591.0,6725.0,0.0,4344.0
simonking_v,https://www.instagram.com/simonking_v,Simon King,Documentary Photographer.,16501.0,574.0,4.0,79.0
ferriswhiskey,https://www.instagram.com/ferriswhiskey,Sam Ferris | street | Sydney,"ğŸ“¸ In every spare, waking moment 
Iâ€™m making photos or 
thinking about them. 
In my sleep Iâ€™m dreaming them.
@burnmyeye 
@aussie_street",19466.0,2943.0,27.0,134.0
dgphotoholic,https://www.instagram.com/dgphotoholic,David Guerrero,"ğŸ‘†God above all (Prov 16:3)
@_es_vida_07
@sonyalpha shooter ğŸ“·",1572295.0,1324.0,1.0,823.0
willshooks7,https://www.instagram.com/willshooks7,William.W | Street Photography | Kuala Lumpur,"Iâ€™m A Street Moment Collector
Welcome To My Gallery
Posting Some Fleeting Moments of KL City Mainly
â¬‡ï¸ Follow Along The Journey",11248.0,3808.0,6.0,515.0
shotbylewis,https://www.instagram.com/shotbylewis,Lewis Jones | Street/Travel Photographer ğŸ¦»,"ğŸŒ† Welcome to the Streets
ğŸ‡¬ğŸ‡§ Made in Britain 
âœ‰ï¸ shotbylewis@gmail.com
ğŸ‘‡ My Romantics Preset Pack",87511.0,523.0,6.0,930.0
theguywiththeprinter_,https://www.instagram.com/theguywiththeprinter_,The guy with the printer,"ğŸ“· â€¢ Street photographer
ğŸ˜Š â€¢ Follow my page for weekly beautiful moments!
ğŸ‘‡ â€¢ Here is all the gear that I use!",46140.0,124.0,0.0,63.0
harebear,https://www.instagram.com/harebear,Jude Howell x Chicago Street Photographer,"Street Photographer
ğŸ“ Based in Chicago
However, I do enjoy traveling.
ğŸ‘‡ğŸ¾My newest project
@urbantexturemag
Bio pic by @shotbyjp",4505.0,999.0,4.0,920.0
dino.serrao,https://www.instagram.com/dino.serrao,Dino Serrao,Dâ€¢Moment - Itâ€™s all about people ğŸ’›,1295949.0,277.0,22.0,532.0
streetphotographersfdn,https://www.instagram.com/streetphotographersfdn,Street Photographers,"ğŸ”´STREET PHOTOGRAPHY AWARDS 2025
OPEN NOW FOR ENTRIES ğŸ‘‡ğŸ»",736989.0,2999.0,3.0,5376.0
streetphotographyindia,https://www.instagram.com/streetphotographyindia,Street Photography India,"'Let's Tell Your Stories'
Use #streetphotographyindia",341836.0,6.0,11.0,3202.0
voyeur1,https://www.instagram.com/voyeur1,Brian Karlsson,karlssonbrian@gmail.com,37464.0,1763.0,0.0,418.0
street.classics,https://www.instagram.com/street.classics,Street Photography,"Street Photography Collective
- Tag us @street.classics & #streetclassics for a chance to be featured.
- Team: @itchban @_davidsark",323074.0,154.0,6.0,2401.0
gokhanarer,https://www.instagram.com/gokhanarer,GÃ¶khan Arer,"@istanbulcandidstreet 
*5th SPi Street Photography Awards Winner / 2022*
ğŸ“¸ DM for Photowalks and Workshops",13757.0,2572.0,59.0,1744.0
stevemccurryofficial,https://www.instagram.com/stevemccurryofficial,Steve McCurry,"Steveâ€™s body of work spans conflicts, ancient traditions, and culture, yet always retains the human element.",3631601.0,3276.0,9.0,1896.0
eortizfoto,https://www.instagram.com/eortizfoto,Eduardo Ortiz ğŸ‡¨ğŸ‡±,"Street nomad
Represented by @spot_talents 
Pro member of @the_raw_society
á´„Êœá´‡á´„á´‹ á´Ê Êá´› á´„Êœá´€É´É´á´‡ÊŸ â†“",37453.0,2677.0,19.0,151.0
seat1aflyer,https://www.instagram.com/seat1aflyer,Jonathan Jasberg,"â€¢ Recipient 40+ internationalğŸ“¸ awards
â€¢ @xiaomi.global Xiaomi Creator
â€¢ Available for assignment worldwide
 ğŸ“¸ ğ—ªğ—¼ğ—¿ğ—¸ğ˜€ğ—µğ—¼ğ—½ ğ—œğ—»ğ—³ğ—¼ â¬‡ï¸",26857.0,1410.0,32.0,273.0
dostreetphotography,https://www.instagram.com/dostreetphotography,Street Photography,ğŸ™‹ğŸ¼â€â™€ï¸ @pollyrusynphoto ğŸ“š Books ğŸ“¸ NEW BOOK COMING SOONğŸ”¥ Join the mailing list + get a free guide â¬‡ï¸,3728.0,2484.0,3.0,867.0
asteryx,https://www.instagram.com/asteryx,Terry McLaughlin | LA Photographer,"ğŸ“LA StyleğŸŒ´ğŸ­ğŸŒƒ 
ğŸ“¬ asteryxphoto@gmail.com  
ğŸŒâœˆï¸ğŸ“¸ğŸ¥Travelâ€¢Streetâ€¢Automotiveâ€¢Wanderlust",326330.0,1910.0,6.0,3271.0
womenstreetphotographers,https://www.instagram.com/womenstreetphotographers,Women Street Photographers Â® WSP,"ğŸŒ The leading global community
ğŸ“¸ F: @gulnara.samoilova
ğŸ¨ Curators: @formationpermanente & @sigrid_debusschere",158446.0,1488.0,51.0,2433.0
streetwithmatt,https://www.instagram.com/streetwithmatt,Street With Matt,"Photographer & Educator, running immersive Street Photography Workshops & Experiences worldwide. London, UK based.",4356.0,1356.0,18.0,268.0
streetphotographyinternational,https://www.instagram.com/streetphotographyinternational,Street Photo International,To be featured tag your photos #SPiCollective and follow us,1789713.0,55.0,0.0,6749.0
_barksey_,https://www.instagram.com/_barksey_,Danny Jackson - Street Photographer,"Street photography 
Portrait of Britain winner 
@street_badass_london_fest co founder
@street_badass 
@rroma.street 
@_keepcalmandcarryone_ curator",12420.0,5781.0,64.0,1709.0
philpenman,https://www.instagram.com/philpenman,PHIL PENMAN,"â–ªï¸Published  @themuseumofmodernart 
â–ªï¸Permanent Archives of US Library of Congress
â–ªï¸Featured in @vanityfair 
â–ªï¸@leica_camera @whitewall_lab",294875.0,2856.0,9.0,259.0
vineet_vohra,https://www.instagram.com/vineet_vohra,Vineet Vohra,"LEICA M Ambassador 
@vivo_india Ambassador 
LOBA NOMINATOR
Co-founder @apfmagazine 
 
Book SERENDIPITY, ALONG THE WAY SERENDIPITY2",296721.0,1333.0,2.0,1689.0
leica_spc,https://www.instagram.com/leica_spc,Leica Street Photography Collective - The IXVI Network,Collection of Photos & Podcasts of Street Photographers using Leica | Use #leicastreetphotographycollective or #leicaspc to be featured | @xx_ixvi_xx,3174.0,1304.0,3.0,558.0
watchingnewyork,https://www.instagram.com/watchingnewyork,Johnny Cirillo,The Peopleâ€™s Paparazzi. Fashion on the streets of New York City. Link to buy book here ğŸ‘‡,1450040.0,1106.0,30.0,2256.0
southstreetsam,https://www.instagram.com/southstreetsam,Sami Aziz,ğŸ“© info@southstreetsam.com,828632.0,267.0,0.0,546.0
thesartorialist,https://www.instagram.com/thesartorialist,Scott Schuman,,1263515.0,3203.0,2.0,5201.0
tavepong_street,https://www.instagram.com/tavepong_street,Tavepong Pratoomwong,#streetphotographer Member of UP | SPT,162938.0,3081.0,106.0,629.0
street.photography.society,https://www.instagram.com/street.photography.society,Street Photography Society,"Founders: @_nonunfotografo & @whitephotos___
#streetphotographysociety #SPSociety",11360.0,228.0,0.0,253.0
streetphotographytravlr,https://www.instagram.com/streetphotographytravlr,Street Photography Traveller,Analog & Digital #Leica - All the pictures are taken by me,1116.0,3241.0,4.0,139.0
unposed_streets,https://www.instagram.com/unposed_streets,Unposed Street Photography Collective,"Let's make Street Photography Unposed great again. founder : @widyaamrin
To be featured, Follow and Use #unposed_streets",3747.0,45.0,3.0,347.0
matty.zeng,https://www.instagram.com/matty.zeng,Matthew | Street Photographer,"Capturing the movie we call life.
ğŸ“ Boston, MA",2282.0,456.0,0.0,230.0
theluxographer,https://www.instagram.com/theluxographer,Leif Johansen | The Luxographer,"ğŸ’– Wholesome street photography
ğŸ“· Capturing the amazing people I meet
ğŸ˜„ Spreading happiness one story at a time
ğŸ“ Sydney, Australia",117833.0,168.0,0.0,42.0
k.street.photographer,https://www.instagram.com/k.street.photographer,K â€¢ Street Photographer,"ğŸï¸ Analog street photographer.ğŸ“Paris
Analog Portrait photography: @k.portrait.photographer
Analog documentary photography: @k.documentary.photographer",2476.0,855.0,0.0,431.0
reelstreetphotography,https://www.instagram.com/reelstreetphotography,Reel Street Photography,"Photography services from Bradford, West Yorkshire. Operated by @marcusleeuk @reelstreetfilms",134.0,177.0,0.0,30.0
aliveisthecity,https://www.instagram.com/aliveisthecity,Jonathan Higbee,Back in business,55361.0,2080.0,5.0,686.0
maciejdakowicz,https://www.instagram.com/maciejdakowicz,Maciej Dakowicz,Official Fujifilm X-Photographer. UP Photographers member. Street photography workshops.,57581.0,2168.0,4.0,1136.0
streetphotographerscommunity_,https://www.instagram.com/streetphotographerscommunity_,Street Photographers Community,"ğŸ”¸Founded by street photography lovers to discover new talented photographers from all around the world 
ğŸ”¸Use #thespc to get a chance to be featured",19160.0,1400.0,0.0,296.0
bijiunchenbjc,https://www.instagram.com/bijiunchenbjc,Bi-jiun Chen,"ğŸ“· Street photographer
Based in Taiwan.  Keeping praying for the peace of the world.
#å°ç£
#taiwan
Curator of @street_vision_infinity @mystreet_bnw",11342.0,1116.0,42.0,934.0
streetphotographybrazil,https://www.instagram.com/streetphotographybrazil,Priscila Lira,"Street Photography Brazil
ğŸŒ: International collective founded in Brazil
ğŸš¶ğŸ»â€â™‚ï¸â€â¡ï¸: Follow us. Use #streetphotographybrazil",65998.0,238.0,11.0,6025.0
sydneystreetphotographer,https://www.instagram.com/sydneystreetphotographer,Street Photography,"Photographer based in Sydney, Australia. Urban imagery and observation. Street portraiture.
ğŸ“· Digital and film shooter, camera collector ğŸ“·",4066.0,1489.0,0.0,415.0
thewalkingphotographer,https://www.instagram.com/thewalkingphotographer,Eolo Perfido,"Street Photographer | Educator | LeicaHero
Director @exibartstreetphotography
Portrait Photography @eoloperfido",26479.0,7443.0,20.0,745.0
monaris_,https://www.instagram.com/monaris_,Monaris,"â€¢ Una puertorriqueÃ±a cumpliendo sus sueÃ±os + capturing life & feels
â€¢ @sonyalpha ambassador + @lightroom team 
â€¢ ğŸ“§ hello@monaris.me
â€¢ Presets & more ğŸ”—",440891.0,1350.0,62.0,3413.0
nashvillestreetphotographer,https://www.instagram.com/nashvillestreetphotographer,Nashville Street Photographer,"Social Documentary on Broadway
All photographs are mine Â©ï¸
#streetphotographer #nashville",330.0,337.0,0.0,501.0
nixonthestreet,https://www.instagram.com/nixonthestreet,Nixon | Street Photographer ğŸ‡ºğŸ‡¸,"â€œHi, can I take your picture?â€ peace and happiness through random photoshoots.
DM TO SHOOT",243.0,486.0,5.0,176.0
donstevie_street,https://www.instagram.com/donstevie_street,Don Stevie,,36601.0,325.0,5.0,406.0
reflexlens,https://www.instagram.com/reflexlens,Paul Murray | Street Photographer,"1ST Livorno. 3RD Moment Street. 
JURORS PICK StreetPhotographersFdn. FINALIST BSPF, MXSPF, PSPI, ROME, ISTANBUL, ISPF, LISBON
Co-founder @dsp_festival",4890.0,1673.0,5.0,1228.0
des_byrne_street_photographer,https://www.instagram.com/des_byrne_street_photographer,Des Byrne,Co-Founder Dublin Street photography Festival - Winner Pisa 2022 - Finalist Oslo 2024 / Gothenburg / Paris / Miami / Founder ISPG 2013,6125.0,7504.0,12.0,102.0
ynotverse,https://www.instagram.com/ynotverse,Tony - Street Photographer,"+ Street Photography in cinematic colors
+ open to Photoshoots - DM & BOOK NOW",1028.0,694.0,0.0,75.0
_.kiruba._,https://www.instagram.com/_.kiruba._,kirubakaran_R,"3D artist / street portraits
ğŸ“®Business Enquiry : kirubakr1009@gmail.com
à®¤à®®à®¿à®´à®©à¯",483418.0,796.0,16.0,307.0
davids_art_street,https://www.instagram.com/davids_art_street,David Niu,"Curator: @mystreet_bnw
eyeshot 2024: finalist 
Aus top emerging 2024ğŸ†
Istanbul photography 2024ğŸ†
GSPF 2024ğŸ†
Moment 2024 ğŸ–ï¸
My B&W ğŸ‘‰ğŸ» @davids_art_bnw",18809.0,3798.0,77.0,593.0
moni_murillo_street,https://www.instagram.com/moni_murillo_street,ğ™ˆÃ³ğ™£ğ™ğ™˜ğ™– ğ™ˆğ™ªğ™§ğ™ğ™¡ğ™¡ğ™¤,"ğŸ“ğ˜”ğ˜¢ğ˜¥ğ˜³ğ˜ªğ˜¥
â–ªï¸Fujifilm 
ğŸ“· Street photography 
ğ˜Œğ˜·ğ˜¦ğ˜³ğ˜ºğ˜µğ˜©ğ˜ªğ˜¯ğ˜¨ğ˜´ ğ˜©ğ˜¢ğ˜±ğ˜±ğ˜¦ğ˜¯ğ˜´ ğ˜ªğ˜¯ ğ˜¢ ğ˜µğ˜ªğ˜®ğ˜¦ ğ˜­ğ˜¢ğ˜±ğ˜´ğ˜¦ âœ¨
ğ˜ˆğ˜£ğ˜°ğ˜¶ğ˜µ ğ˜®ğ˜¦ @moni_murillo_photo
ğ˜Šğ˜¶ğ˜³ğ˜¢ğ˜µğ˜°ğ˜³ @dreaminstreets",21583.0,1969.0,32.0,200.0
boris.street.photography,https://www.instagram.com/boris.street.photography,Boris Street Photography,"â£â£ â£
â£ğŸ“¸ Is my hobby
â£ğŸ¤˜ B&W street urban
â£ğŸ‘‰ iPhone 15 ProMax
ğŸ‘¨â€ğŸ’¼ New Homes Sales Specialist
 
â£â£Toowoomba | Southern Downs
â£
â˜•ï¸  @boris.biskupic ğŸ‡¦ğŸ‡º  ğŸ‡«ğŸ‡®",1863.0,319.0,13.0,449.0
photosbyjorge_,https://www.instagram.com/photosbyjorge_,Jorge Garcia,"Photographer and founder of @nycspc and @contactphotonyc, dedicated to fostering community and celebrating the art of photography in NYC.",17772.0,1421.0,0.0,616.0
the.street.photography.hub,https://www.instagram.com/the.street.photography.hub,THE STREET PHOTOGRAPHY HUB,"The Best of Street Photography since 2017
Founder/Curator @roy_wanderlust  
Submit via #thestreetphotographyhub
@wanderlust.films",172440.0,20.0,3.0,2147.0
streetsbydex,https://www.instagram.com/streetsbydex,Jorge RamÃ­rez | Street Photographer,"ğŸ“·  DM for Collaboration | Photoshoot
ğŸ¥  Commercial Photographer | Stills | Colorista
ğŸ‡²ğŸ‡½  CDMX | MÃ©rida
ğŸ“¸  Sony | Moment | Sigma | Sandmarc",10175.0,971.0,21.0,955.0
matt.weber.photos,https://www.instagram.com/matt.weber.photos,Matt Weber,"I have been a NYC street photographer since 1984 and I have been shooting mainly black and white film, till I recently began exploring color...",76400.0,1458.0,6.0,5016.0
paulie.b,https://www.instagram.com/paulie.b,Paul Baldonado,"ğŸ‡µğŸ‡­ğŸ‡ºğŸ‡¸
â€”
for brands, jobs, and general business inquiries: contact@PaulBaldonado.com
--",105271.0,1140.0,1.0,91.0
souhayl_a,https://www.instagram.com/souhayl_a,Souhayl Antoine Street Photography,"| Art Director | Founder of : 
@pispa_streetphotoawards 
@bnw_photoawards 
Author of the book @gangsta_dating_story 
Color Acc : @souhayl_a_color",175953.0,5853.0,126.0,229.0
ihatestreetphotography,https://www.instagram.com/ihatestreetphotography,I Hate Street Photography,It's a love/hate relationship right?,24200.0,1690.0,4.0,1926.0
unsatisfiedandrestless,https://www.instagram.com/unsatisfiedandrestless,Baltimore Street Photographer,"Film + Fuji 
Baltimore City & County
Client & Personal work- @willisaybar
Photo Studio- @baltimorestudio87 
More below! ğŸ‘‡ğŸ»",333.0,571.0,1.0,227.0
lifeby_zay,https://www.instagram.com/lifeby_zay,Zay | Street Photographer,"Street Photographer De La Vida
Making sure people feel seen â˜•ï¸
Minolta | Pentax | Leica ğŸ“¸
Miami, FL ğŸ“",971.0,813.0,21.0,247.0
donniejacobmedia,https://www.instagram.com/donniejacobmedia,Donnie Jacob | Street Photographer & Content Creator,"ğŸ˜ƒ Sharing the beauty of people ğŸ“¸
ğŸ° Disney Cast Member Series âœ¨
â¤µï¸ Watch the magic unfold on YouTube â¤µï¸",77486.0,549.0,23.0,298.0
iputphotoshere,https://www.instagram.com/iputphotoshere,Ridge | Street Photographer,"Photographer ğŸ“¸ 
FAA Part 107 Drone Pilot ğŸ›¸
MBA ğŸ“ˆ",1436.0,2987.0,1.0,835.0
cpplunkett,https://www.instagram.com/cpplunkett,C.P. Plunkett,"Chicago street photographer capturing #thechicagoans
Co-founder @chi.spc | Low-res @coolpixbebop 
Link to my free zine Overtime and blog â¬‡ï¸",8341.0,581.0,17.0,2321.0
z.street.photography,https://www.instagram.com/z.street.photography,It's Z,"Berlin, Germany 
@z.travel.photography
@z.studio.photography
Portfolio & Prints:",146.0,119.0,7.0,1427.0
photosbyflorentino,https://www.instagram.com/photosbyflorentino,Jersey Shore portrait/street photographer ğŸ“¸,"ğŸ“¸ Your Jersey Shore Premier Photographer ğŸŒŠPerfecting Portraits, and Event Excellenceâœ¨Explore Exquisite Experiences with Every Exposure! ğŸ“¸",281.0,406.0,0.0,151.0
karyastreetstyle,https://www.instagram.com/karyastreetstyle,Karya Schanilec - NYFW Street Style Photographer,"ğŸ“NYC  ğŸ”œ NYFW
â€¢ Style trends & what people wear
â€¢ I also knit & crochet ğŸ§¶ #bykaryastreetstyle
â€¢ Karya pronounced car-ee-ah
â€¢ hello@karyaschanilec.com",84910.0,3283.0,2.0,1742.0
beauty_brigade,https://www.instagram.com/beauty_brigade,Christine Kemp,"San Francisco street photographer
ğŸ³ï¸â€âš§ï¸ Ally
ğŸ‡µğŸ‡¸ Fundraiser links below.",2300.0,2091.0,0.0,602.0
justin.veenema,https://www.instagram.com/justin.veenema,Justin Veenema â€¢ Photographer,"ğŸ“¸  Human connections (& cute dogs)
ğŸ“§  hello@justinveenema.com
ğŸ‘‡  Camera gear, presets & merch",1486310.0,1029.0,4.0,444.0
georgeholdenmedia,https://www.instagram.com/georgeholdenmedia,George Holden | Street Photography ğŸ“¸,"ğŸ“¸ Street Photography
ğŸ“¹ Gear & Photos on YouTube
ğŸ”» Portfolio | Presets | Guides",5311.0,582.0,0.0,682.0
arnold_daniel,https://www.instagram.com/arnold_daniel,Daniel Arnold,Selfies,382288.0,5149.0,0.0,3222.0
boogiephotographer,https://www.instagram.com/boogiephotographer,b o o g i e,,144007.0,2138.0,45.0,1154.0
dimitrismakrygiannakis,https://www.instagram.com/dimitrismakrygiannakis,Dimitris Makrygiannakis,"Member of Burn My Eye Collective ( @burnmyeye ).
Street Photography Workshop in Prague, 10-12 October 2025 :",9477.0,279.0,0.0,676.0
aj_pixels,https://www.instagram.com/aj_pixels,Alberto J. CÃ¡rcamo | Bay Area photographer,"â€¢ Bay Area - ğŸ‡¸ğŸ‡» 
â€¢ albertocarcamo95@gmail.com
â€¢ Selling prints now, Link in the bio. 
â€¢ Portraits @alberto_framez",59317.0,642.0,3.0,374.0
,https://www.instagram.com/popular/the-street-photographer/,,,,,,
seantuck,https://www.instagram.com/seantuck,Sean Tucker,"Photographer. Filmmaker. 
Author of â€œThe Meaning in the Makingâ€.
Links:",374224.0,2807.0,9.0,3308.0
nikodemuswj,https://www.instagram.com/nikodemuswj,Nikodemus Widjaja,"Jakarta, Indonesia  
ğ—”ğ—¿ğ˜ ğ—¦ğ˜ğ—¿ğ—²ğ—²ğ˜ ğ—£ğ—µğ—¼ğ˜ğ—¼ğ—´ğ—¿ğ—®ğ—½ğ—µğ˜† ğ—¶ğ—» ğ—ºğ˜† ğ—±ğ—²ğ—³ğ—¶ğ—»ğ—¶ğ˜ğ—¶ğ—¼ğ—»
""ğ˜ ğ˜°ğ˜¶ ğ˜¥ğ˜°ğ˜¯'ğ˜µ ğ˜µğ˜¢ğ˜¬ğ˜¦ ğ˜¢ ğ˜±ğ˜©ğ˜°ğ˜µğ˜°ğ˜¨ğ˜³ğ˜¢ğ˜±ğ˜©, ğ˜ºğ˜°ğ˜¶ ğ˜®ğ˜¢ğ˜¬ğ˜¦ ğ˜ªğ˜µ"" ~ ğ˜ˆğ˜¯ğ˜´ğ˜¦ğ˜­ ğ˜ˆğ˜¥ğ˜¢ğ˜®ğ˜´",12414.0,2382.0,15.0,666.0
streetvisionla,https://www.instagram.com/streetvisionla,Javier's StreetVision,"Analogue and Pixels
Street Photography 
Photography rules be damned ğŸ“¸
From street portraits to candid stories. Grace and Peace, Javier",2330.0,457.0,1.0,442.0
sh0tbym1r,https://www.instagram.com/sh0tbym1r,Atlanta Portrait & Street Photographer,Through my lens,376.0,314.0,0.0,279.0
sharon.eilon.photography,https://www.instagram.com/sharon.eilon.photography,Sharon Eilon,"""Photography is an art of observation. It has little to do with the things you see and everything to do with the way you see them."" ~Elliott Erwitt",5407.0,3102.0,16.0,313.0
matthew.steaffens,https://www.instagram.com/matthew.steaffens,Matthew Steaffens | Street Photographer,"Denver, CO 
Member @denver.spc 
#streetphoto 
Special mention PISPA 2024
Featured in All About Photo Street 36",1561.0,1826.0,14.0,490.0
iphotongraphy,https://www.instagram.com/iphotongraphy,Ivan | Street Photography,"ğŸ§ğŸ»êœ±á´ÊŸÉªá´›á´œá´…á´‡ 
ğŸ‡¬ğŸ‡§ Ê™á´€êœ±á´‡á´… ÉªÉ´ á´á´€É´á´„Êœá´‡êœ±á´›á´‡Ê€ 
ğŸ‡­ğŸ‡° êœ°Ê€á´á´ Êœá´É´É¢ á´‹á´É´É¢
ğŸ“¸ #CanonR5 #FujifilmX100VI
ğŸ“® á´…á´ êœ°á´Ê€ á´„á´ÊŸÊŸá´€Ê™",15554.0,708.0,7.0,770.0
modelstrangers,https://www.instagram.com/modelstrangers,Christopher Ward,"Human connections and street portraits.
Personal: @christopheranthonyward
Enquiries: modelstrangers@gmail.com
Currently: ğŸ“ Belfast, UK",1305484.0,130.0,2.0,144.0
streettrashlife,https://www.instagram.com/streettrashlife,Ash | Street Photography,"ğŸ“· Ricoh GR iii  | UK
ğŸ“· Samsung S24 Ultra 
ğŸ¨Our Business account @cwbillustration",189.0,519.0,0.0,49.0
ohstop1946,https://www.instagram.com/ohstop1946,richard sandler,"silver gelatin 
open edition and editioned 11X14 prints for sale: dm me
film/video
guggenheim fellow
film photographer 
tenor sax
carom billiards",46740.0,2151.0,14.0,2749.0
qs.street,https://www.instagram.com/qs.street,Krzysztof,A lover of a strong coffee â˜•,25063.0,453.0,2.0,515.0
dconrard3,https://www.instagram.com/dconrard3,Street Photographer,"Retired staff photographer for a major US airline, now full-time street photographer. Lives in Seattle, USA.",555.0,1174.0,0.0,859.0
alex_street_photographer,https://www.instagram.com/alex_street_photographer,Alex Coghe,"Vision is grace under pressure I Mexico City based Photographer and Writer.
ğŸ“¸  | PORTRAITS: @alessio_coghe DM for Workshops, Portraitsâ€¦",2465.0,1408.0,2.0,7326.0
365thstreetphotography,https://www.instagram.com/365thstreetphotography,365th Street Photography,Wedding and portrait photography by Kaden Classen.,154.0,161.0,0.0,15.0
davidgibson_streetphotography,https://www.instagram.com/davidgibson_streetphotography,David Gibson,Photographer and writer,11502.0,1855.0,1.0,512.0
murlee_photography,https://www.instagram.com/murlee_photography,Street Photographer Chennai,"Street account @views_of_murlee
Founder @studio_tvf_official
Follow your heart ğŸ–¤
Traveller ğŸ§­
Spread love.
And DM for Shoots!",9387.0,788.0,38.0,442.0
east95thstreetphotography,https://www.instagram.com/east95thstreetphotography,East 95th Street Photography,"Mini Sessions 
Send all inquiries to East95thStreet@gmail.com #east95thstreetphotography",974.0,1387.0,10.0,22.0
billydeee,https://www.instagram.com/billydeee,Ê™ÉªÊŸÊŸÊ á´…ÉªÉ´Êœ,"-  É´á´‡á´¡ Êá´Ê€á´‹ á´„Éªá´›Ê
-  sá´›ÉªÊŸÊŸs Ò“Ê€á´á´ á´›ÊœÉªs á´á´á´ Éªá´‡ á´¡á´‡ á´„á´€ÊŸÊŸ ÊŸÉªÒ“á´‡",331269.0,1784.0,46.0,790.0
catscoffeecreativity,https://www.instagram.com/catscoffeecreativity,Sarah - Street Art Photography,"ğŸ¨ NYC street art, started as cat & coffee pics
ğŸˆ My Cats @scenesignstories 
âœğŸ¼ Guides, podcasts and links â¬‡ï¸",48742.0,7485.0,15.0,19097.0
keithmpitts,https://www.instagram.com/keithmpitts,Keith Pitts,"ğŸ“Paris, France
Dad, husband + teacher of cool street photography workshops!
Fall Workshops: Paris, September 23-27, 2025
Photo of me by Greg Hatton",2160.0,1640.0,23.0,1069.0
wesleymediaofficial,https://www.instagram.com/wesleymediaofficial,Benjamin Wesley David - Portrait and Street Photographer ğŸ“¸,"âœï¸ ğŸ“· 
ğŸ“worldwide
[ğŸ“©]  DM inquiries",387.0,352.0,0.0,58.0
shinnoguchiphotos,https://www.instagram.com/shinnoguchiphotos,Shin Noguchi,prints available,100571.0,1871.0,1.0,447.0
street_level_photo_official,https://www.instagram.com/street_level_photo_official,Street Level Photography ğŸ‡®ğŸ‡¹,ğŸ“¸Street Photography Community,20621.0,95.0,3.0,4332.0
only_shoot_raw,https://www.instagram.com/only_shoot_raw,Street Photographer | only_shoot_raw,"Aspiring #streetphotographer. 
Main: Fujifilm XT-4 w/18-55mm & 33mm f1.4
Secondary: IPhone 14 Pro Max",99.0,50.0,0.0,57.0
mr.streetphotographer,https://www.instagram.com/mr.streetphotographer,Mr. Street Photographer,"Ph.: @giuseppeinparis
ğŸ“¸ğŸ”´#Leica Q2 Reporter 
My view about street photography: get outside and look into the bottom of each heart with a curious eye!ğŸ–¤",369.0,232.0,4.0,34.0
third_and_pike,https://www.instagram.com/third_and_pike,Leslie Jewett Street Photographer,"Seattle street photography, showing you the good, the bad and the WTF.  Follow me as I document street life in downtown Seattle.",417.0,744.0,4.0,652.0
calty._,https://www.instagram.com/calty._,FAISAL | Street photographer,"Multimedia Designer 
crafting digital art,
photography, cinematography, motion graphics, graphics design
building @cazzkaroofficial",769.0,576.0,11.0,280.0
bode_photos,https://www.instagram.com/bode_photos,V. Bode _ Street Photographer,"sá´›Ê€á´‡á´‡á´› / á´˜á´Ê€á´›Ê€á´€Éªá´›s / Ê™á´á´‹á´‡Êœ 
á´€ÊŸÊŸ á´˜Êœá´á´›á´s (á´„) Ê™á´á´…á´‡_á´˜Êœá´á´›á´s
á´á´‡á´Ê™á´‡Ê€: @á´€á´…á´…Éªá´„á´›á´‡á´…_á´›á´_á´ á´€ÊŸá´‡É´á´„Éªá´€
â†˜ï¸ Follow â†™ï¸",3812.0,4179.0,9.0,4958.0
musaab_mendez,https://www.instagram.com/musaab_mendez,Mobile Street Photographer,"Medical lab tech.
Sudanese ğŸ‡¸ğŸ‡©
ğŸ“±Huawei P10 ğŸ“±S7e  ğŸ“±Note8 ğŸ“±mi n8 pro
Photography let me see the hidden beauty in everything ğŸ’–
#photographer #color",3079.0,2779.0,3.0,804.0
gotham.photo,https://www.instagram.com/gotham.photo,NYC Urban & Street Photography,"ğŸ‡ªğŸ‡¨ photographer + videographer
Canon EOS R ğŸ“¸, portrait specialist
ğŸ“New York City 
Bookings through DM ğŸ“¥
@columbiaspec Photographer",327.0,385.0,2.0,90.0
dstreetphotography,https://www.instagram.com/dstreetphotography,David Street,Change is comingâ€¦â€¦ keep watching.,1965.0,337.0,3.0,492.0
dumspyrospero,https://www.instagram.com/dumspyrospero,Spyros | Street Photography,"â¤–I love taking photos! 
â¤–Currently ğŸ‘‰ Light & Color ğŸ¨
ğŸ”¥ Youtube | Blog | Printsâ¤µ",4378.0,944.0,39.0,279.0
ishotbaltimore,https://www.instagram.com/ishotbaltimore,Larry Cohen,"Baltimore based Photographer. Street & event shooter. Founding member of @observecollective. 
ishotbaltimore@gmail.com",12013.0,1424.0,0.0,1674.0
cinematic.walks,https://www.instagram.com/cinematic.walks,Paris Photographer | Panos,"Filmmaker | Portrait Photographer
Cinematic Shots ğŸ¬ Street & Night in Color & BnW
DM for private bookings ğŸ“¸
All photos are mineÂ©",2693.0,1116.0,4.0,59.0
palebluewave,https://www.instagram.com/palebluewave,palebluewave,"ğŸ“¸ DM to book
ğŸ‘‡ my camera gear, patreon",293833.0,1034.0,4.0,331.0
joshkjack,https://www.instagram.com/joshkjack,Joshua K. Jackson,"London, UK",261890.0,1239.0,0.0,342.0
thorstenovergaard,https://www.instagram.com/thorstenovergaard,Thorsten Overgaard,"I am a photographer, writer and Leica expert, known for my photo workshops, writings reviews, video channel on photography, light and design. VikingğŸ›©",41618.0,7497.0,0.0,935.0
the_streetbird,https://www.instagram.com/the_streetbird,ROLI | street photographer,"A birdy street photographer. I shoot photos where I am. I live, work, create in Hanau | Germany. Analogue but digital.",558.0,259.0,0.0,226.0
tehranstreetphotofestival,https://www.instagram.com/tehranstreetphotofestival,Tehran Street Photography,"ğŸŸ¢âšªï¸ğŸ”´ Tehran Street Photography Festival 
Founder @masoudgharaeiphoto",65949.0,1617.0,1.0,1580.0
shotby17,https://www.instagram.com/shotby17,shotby17 | Street Photographer,"Photographer based in MUCğŸ‡©ğŸ‡ª. Taken by #Sony #A6000.
@nishard17",337.0,579.0,0.0,385.0
dave_street_photo,https://www.instagram.com/dave_street_photo,Dave Street Photo,"BKK l Thailand ğŸ‡¹ğŸ‡­ 
ğŸ“±iphone 12 ğŸ“· sony RX100m7 sony A7c
ğŸ“¸ Street Photography NFT
@davehip 
Line id : ll_dave_ll
FB : https://www.facebook.com/phatsakorn",5621.0,3536.0,31.0,3280.0
photomarlon,https://www.instagram.com/photomarlon,Marlon I. Torres | Street Photographer,"Street Photography ğŸ“· Account
ğŸ“Tampa, Florida ğŸ‡ºğŸ‡¸  
Other IG: @marlon_pty |
SUBSCRIBE To My YouTube Channel ğŸ‘‡ğŸ½",895.0,685.0,3.0,417.0
half.frame.jackie,https://www.instagram.com/half.frame.jackie,Jackie | Street Photographer,"Nothing is ordinary âœ¨
Follow for half-frame photos ğŸ“¸
Shooting on Olympus Pen EF",511.0,487.0,0.0,129.0
carina_streetphotography,https://www.instagram.com/carina_streetphotography,"Carina Hedlund, Sweden","Street - portraits - documentary 
ğŸ’š Love IrelandğŸ’š
â¤ï¸ Fujifilmâ¤ï¸
ğŸ’šPeopleğŸ’š
@fotografcarina_musik 
@fotografcarina
@carina_52portraits",8308.0,6076.0,31.0,2568.0
the13thsecond,https://www.instagram.com/the13thsecond,Matt Hall,"Street photography, Margate/Cambridge, UK. 
Next Workshop is on 05.09.25 in London!
One to Ones also available.
All links below ğŸ‘‡.",59393.0,1237.0,13.0,2742.0
creativecoddy,https://www.instagram.com/creativecoddy,Coddy Adams | Photographer,"Las Vegas-based Photographer & Graphic Designer creating captivating portraits & street photography. Like, follow & Check out creativecoddy.com ğŸ“¸âœ¨",1042.0,1488.0,3.0,87.0
zen9a,https://www.instagram.com/zen9a,MOROCCAN STREET PHOTOGRAPHER,""" street photography is like a box of chocolates, YOU never know what YOU are gonna get. """,3741.0,4.0,27.0,215.0
mrstreetpeeper,https://www.instagram.com/mrstreetpeeper,Phil Oh,"Hi, I'm Phil Oh. ğŸ“¸ for @VogueMagazine â€” peepinâ€™ ainâ€™t easy.    philtwo@gmail.com for inquiries.",404553.0,2002.0,3.0,1074.0
alisonmccauley,https://www.instagram.com/alisonmccauley,Alison McCauley,"Iâ€™m a photographer based in the south of France. 
My books ShimmersÂ and Anywhere but here are available from the link below.",9438.0,506.0,4.0,95.0
smurph77,https://www.instagram.com/smurph77,Simon Murphy,"Photographer, Lecturer, MPB Scottish Portrait Awards Chair. Govanhill Photobook published 2023.",15390.0,3556.0,7.0,2083.0
aikbengchia,https://www.instagram.com/aikbengchia,AikBeng Chia,"Artist | Visual Archivist ğŸ‡¸ğŸ‡¬
Street/Doc POV â€¢ Everyday life ğŸŒ
â€œSomething you feel will find its own form.â€ â€” Jack Kerouac
Workshops â€¢ Collabs â€¢ DM âœ‰ï¸",38752.0,3855.0,7.0,78.0
shewhotakesphotos,https://www.instagram.com/shewhotakesphotos,Street photographer,"Laura
ğŸ‡¬ğŸ‡§ London
@lauraonwheelz",717.0,440.0,8.0,214.0
camilo.fuentealba.brevis,https://www.instagram.com/camilo.fuentealba.brevis,Camilo Fuentealba Brevis,"Beautiful People.                   
Nueva Yor Baby
ğŸ‡¨ğŸ‡±ğŸ‡¨ğŸ‡¦",19050.0,2196.0,8.0,306.0
chrisharrison_photo,https://www.instagram.com/chrisharrison_photo,Chris Harrison,Hands-on street photography workshops in BrightonğŸ‘‡,12748.0,1151.0,9.0,605.0
stevesweatpants,https://www.instagram.com/stevesweatpants,Steven John Irby,"co-founder @streetdreamsmag
@sonyalpha collective
@americanphotographicartists national board of directors 
@titisnyc 
co-founder @thetunlx",207756.0,3192.0,27.0,2333.0
ronaldcphotography,https://www.instagram.com/ronaldcphotography,RC,"ğŸ“¸ Documenting Life in the Streets
ğŸ”´ Leica M/Q",100863.0,410.0,0.0,767.0
ksu__photographer,https://www.instagram.com/ksu__photographer,Ksu street photographer ğŸ“¸,"ğŸ“¸ Street & Travel Photographer 
ğŸŒ Exploring the worldâ€™s urban jungles 
ğŸ“ Based in Arcachon, France 
âœ‰ï¸ DM for collaborations
âœ¨My lifestyle @ksulazypie",168.0,812.0,8.0,114.0
kocodak,https://www.instagram.com/kocodak,Coco | Travel & Street Photographer | Hamburg,"too many interests, but only one lens
mostly street & travels
Lumix GX9 / Canon R6
Some other work:
@kocodak.people
@kocodak.sports",2047.0,751.0,7.0,672.0
tu_phototravel,https://www.instagram.com/tu_phototravel,"TÎ±y âœŒï¸ | Travel, Concert & Street Photographer","ğŸ‡»ğŸ‡ª | Barcelona-based ğŸ“
Photography is my official languageğŸ“¸
Capturing the soul of cities and peopleâœ¨ ğŸŒ†
Let's create: DM for collabs or prints! ğŸ“©",7056.0,4801.0,36.0,913.0
derricksleepwalking,https://www.instagram.com/derricksleepwalking,Street Photographer,"*ğ•ğ•€ğ•Šğ•Œğ”¸ğ•ƒ ğ•Šğ•‹ğ•†â„ğ•ğ•‹ğ”¼ğ•ƒğ•ƒğ”¼â„*
Fujifilm X-Photographer (Ambassador)
Based in Singapore
Wedding Photography: @derrickongphotography
The world is my Canvas",972.0,493.0,1.0,788.0
mrk.shoots,https://www.instagram.com/mrk.shoots,ğ™ˆğ™§ ğ™† | ğ™ğ™©ğ™§ğ™šğ™šğ™© ğ™‹ğ™ğ™¤ğ™©ğ™¤ğ™œğ™§ğ™–ğ™¥ğ™ğ™®,"Design digital things to pay the bills, and take photographs for fun
ğŸ“¸ #x100f
ğŸ“¸ #penft
ğŸ“¸ #xa2",990.0,1285.0,4.0,150.0
wsp_nyc,https://www.instagram.com/wsp_nyc,Women Street Photographers NY/NJ/CT,"Women Street Photographers of the New York Tri-State Region 
Official branch of @womenstreetphotographers",1683.0,98.0,0.0,88.0
katsuhirokojima,https://www.instagram.com/katsuhirokojima,Katsuhiro Kojima photography ğŸ‡¯ğŸ‡µ,"Street photographer
ğŸ“ Toronto Canada
âœ‰ï¸ DM me for business
Portrait @k.katsustudio",24061.0,454.0,7.0,602.0
gasparrrf,https://www.instagram.com/gasparrrf,Gaspar | Street Photographer,"ğŸ“¸: Street Photography || Portraits || Family 
ğŸ¥: Videographer || Editor || Colorist
ğŸ“: Southern California || Inland Empire 
ğŸŒ WebSite: â¤µï¸",484.0,1042.0,4.0,435.0
ozzybphotography,https://www.instagram.com/ozzybphotography,portrait-photographer | creative-directing | street-photography,"Berlin
@twentyfourmillimeter my streetphotography
@ozzybjewlz my jewelry",15851.0,1279.0,7.0,128.0
oslo.spc,https://www.instagram.com/oslo.spc,Oslo Street Photography Collective,"âœ–ï¸A community for street snappers in Oslo, Norway. 
âœ–ï¸Use #oslo_spc for a chance to get featured.
âœ–ï¸Buy tickets for Oslo Street Photo Festival here:",4969.0,435.0,5.0,1020.0
ali_syed84,https://www.instagram.com/ali_syed84,Ali Syed,"Photographer & Content Creator 
DM for bookings, collabs & paid promos 
KarachiğŸ“ğŸ‡¬ğŸ‡§ Belfast
TikTok: ali_syed84
ğŸ‘» SC: ali_syed844",175369.0,207.0,13.0,501.0
street_photography_london,https://www.instagram.com/street_photography_london,Jon Clements,Street photography in London... and other urban sprawls. All photos taken by Jon Clements @joncclements,26534.0,771.0,10.0,262.0
mikey_streets,https://www.instagram.com/mikey_streets,Mike Merino,"Capturing the pulse of NYC streets | Abstract, Motion Blur | DM for prints and Collabs!
Founder of @noir_york_city_sp",6127.0,1901.0,10.0,420.0
dmatjo,https://www.instagram.com/dmatjo,Street Photographer,"Street Photography. Unless noted otherwise, all shots are candid/authentic.",698.0,556.0,9.0,1038.0
mark.fearnley,https://www.instagram.com/mark.fearnley,Mark Fearnley,"London 
Fine Art Streetphotography â€¢ Minimal
Grow your vision, with a workshop â¬‡ï¸",226369.0,1423.0,2.0,361.0
hopthestreet_,https://www.instagram.com/hopthestreet_,Hoppy | Street Photographer ğŸ“¸ğŸŒ‰,"ğ–€ğ–“ğ–›ğ–Šğ–ğ–‘ğ–ğ–“ğ–Œ ğ–™ğ–ğ–Š ğ–ğ–ğ–‰ğ–‰ğ–Šğ–“ ğ–˜ğ–™ğ–”ğ–—ğ–ğ–Šğ–˜ ğ–”ğ–‹ ğ–™ğ–ğ–Š ğ–˜ğ–™ğ–—ğ–Šğ–Šğ–™ğ–˜
ğŸ‡µğŸ‡­ğŸ´ó §ó ¢ó ·ó ¬ó ³ó ¿
ğŸ“· Sony A7 III 
ğŸ“ UK, SW",460.0,189.0,3.0,67.0
jackthestreet,https://www.instagram.com/jackthestreet,Jack Simpson | SF Photographer,"Photographer based in San Francisco Bay Area
jack@jacksimpson.com",11850.0,741.0,2.0,330.0
g_viewphotography,https://www.instagram.com/g_viewphotography,"ğŸŒ¹ LOWRIDER +STREET PHOTOGRAPHERğŸŒ¹
âœ¨MAKING MOMENTS LAST FOREVER âœ¨","ğŸ¤PSALMS 23:4ğŸ¤
ğŸ¤Now Booking Personal Shoots- DMğŸ¤ 
ğŸ¤All Photos Are Available For PrintğŸ¤
      ğŸ¤ Venmo:G_viewphotographyğŸ¤",1461.0,2893.0,14.0,848.0
jackjross,https://www.instagram.com/jackjross,Jack Ross,"Photographer
Mod @vietnamstreets",5119.0,1546.0,6.0,546.0
magstphoto,https://www.instagram.com/magstphoto,Magnolia Street Photography,"Hea! I'm Erin... a wedding & portrait photographer. A mama ğŸ» & lover of mustaches & mountains!  Hometown Frederick, MD. Summers spent in PNW!",1734.0,1608.0,6.0,1983.0
miamistreetphotographyfestival,https://www.instagram.com/miamistreetphotographyfestival,Miami Street Photography Festival,"MSPF is the leading and largest street photography festival since 2012. Street photography workshops. 
ğŸ”¶Talks
ğŸ”¶Contests 
ğŸ”¶ Workshops
ğŸ”¶ Exhibitions",17084.0,1197.0,12.0,1007.0
martinellardstreet,https://www.instagram.com/martinellardstreet,Martin Ellard street photography,"@dsp_festival finalist 2025
Street, documentary, life.
Zines available on my bio link",989.0,1058.0,7.0,480.0
anxshykphotography,https://www.instagram.com/anxshykphotography,Travel & Street PhotographerğŸ›«ğŸ“¸,Capturing moments that inspire,507.0,406.0,2.0,155.0
peterturnley,https://www.instagram.com/peterturnley,Peter Turnley,"New limited-edition book, is now available for order. 
.
ğŸ”´Uses @Leica_camera for 45 yrs.â£
.
New book â¬‡ï¸",156217.0,4390.0,4.0,3452.0
jmadsenphoto,https://www.instagram.com/jmadsenphoto,Joe Madsen,All images copyright Joseph Madsen For more content visit @madsen_prints,788.0,1336.0,4.0,358.0
mattik36,https://www.instagram.com/mattik36,By Mattik. Streetphotographer,Unposed photography. FotografÃ­a no posada.Miro para transformar la realidad en un mundo de fantasÃ­a.Co founder @bysuperpuesto buy my art @gogokofoto,12293.0,1460.0,13.0,468.0
shootstreetrepeat,https://www.instagram.com/shootstreetrepeat,James | Street Photographer,"ğŸ™ Street Photography 
ğŸ‡¬ğŸ‡§ Manchester
The artist formerly known as j2.bee",11952.0,165.0,12.0,720.0
_pkm_photography,https://www.instagram.com/_pkm_photography,PK | Street Photography,"â–«ï¸ Visual Storyteller | #stories_n_visuals 
â–«ï¸ People | Streets | Documentary Â©ï¸
ğŸ“ N. VA, USA
â–«ï¸ Pub/Exh: ğŸ‡ºğŸ‡¸ğŸ‡®ğŸ‡³ğŸ‡¬ğŸ‡§ğŸ‡§ğŸ‡·ğŸ‡¦ğŸ‡ºğŸ‡¦ğŸ‡¹
â–«ï¸ For Prints/Licensing â¤µï¸",10002.0,334.0,35.0,494.0
loveletterstohouston,https://www.instagram.com/loveletterstohouston,Houston Street Photography,"Sharing the best in Houston Street Photography.ğŸ†
Use #loveletterstohouston to get sharedğŸ“¸
Curated by Houston photographer, @craigtrahanofficial",260.0,104.0,5.0,82.0
marvinyanprojx,https://www.instagram.com/marvinyanprojx,Marvin | Street Photographer,"My personal projects. Some street, mostly black and white, film on occasions.",53.0,70.0,0.0,123.0
angelambro_pixs,https://www.instagram.com/angelambro_pixs,Angela | Street Photographer,ğŸ“· ğŸ“¸ Â©ï¸Telling stories - NYC and beyond,2906.0,1580.0,6.0,1715.0
danilocattani,https://www.instagram.com/danilocattani,Danilo - Street Photographer,"Capturing raw urban moments through my lens. 
Street stories, one frame at a time. ğŸ“¸ 
Explore my world! #StreetPhotography",759.0,1008.0,3.0,165.0
petra_ford_street_photographer,https://www.instagram.com/petra_ford_street_photographer,Petra Ford Chicago Street Photographer,"Commercial photography is my profession; street photography is my passionğŸš¶ğŸ¼â€â™€ï¸Street scenes of Chicago + here/there/everywhere, 2007 through present ğŸ“·",121.0,171.0,0.0,95.0
jaaphotos,https://www.instagram.com/jaaphotos,Jean Andre Antoine,"ğŸ“NYC Prince & Broadway
â° Daily, Weather Permitting 
ğŸ“š @myeyegotlazy
ğŸ“§ studio@jeanandreantoine.com",47061.0,3670.0,1.0,1072.0
justinnealey,https://www.instagram.com/justinnealey,Justin Nealey,"ğŸœï¸ Phoenix area based street photographer.
ğŸ“¸ Letâ€™s collab and take photos
ğŸ•¹ï¸ Like games, try my text adventure RPG",1869.0,1268.0,3.0,389.0
ricky_pics325,https://www.instagram.com/ricky_pics325,Ricardo | Street Photographer,"ğŸ“San-Diego, California 
ğŸ’¥ Featured: #canon #djÄ±mini3pro
ğŸ¦º ğŸš§ *Website/ Business cards*",7553.0,699.0,0.0,61.0
jdeledits,https://www.instagram.com/jdeledits,Jake Del | Portrait/Street Photographer,"ğŸ“ğŸŒƒNYC Based
ğŸ‘‹I do Portraits Open for Bookings Feel Free To message!!
ğŸ“¸Hopefully Some Photos for your eyeballs to enjoy
ğŸ‘‰Personal: @jaakedel",124.0,82.0,1.0,110.0
morten.clicks,https://www.instagram.com/morten.clicks,Morten Andresen,"â–ªï¸Norwegian street photograper based in Oslo.
â–ªï¸Founder: @streetianity Member: @oslo.spc
ğŸ‘‡ Prints and workshops:",53861.0,882.0,1.0,624.0
_raw_optic,https://www.instagram.com/_raw_optic,Denis | Street photographer,"ğŸ“Bremen
Event Photos ğŸ“¸ @denisdeleske",485.0,714.0,3.0,204.0
rohit_apf,https://www.instagram.com/rohit_apf,Rohit Vohra,"Street Photographer 
Editor-in-Chief @apfmagazine
Leica M Ambassador
Judging panel of IPA, MIFA, PX3, SIPA
ğŸ“Delhi, India | Global",40265.0,1372.0,3.0,1206.0
valeriejardin,https://www.instagram.com/valeriejardin,ValeÌrie Jardin,"Join me on a ğŸ“· workshop!
Award Winning ğŸ‡«ğŸ‡· Humanist photographer-Educator-Author-Speaker-Official Fujifilm X-Photographer ğŸ“· X100VI",40775.0,1901.0,62.0,4178.0
derekphotologue,https://www.instagram.com/derekphotologue,Derek | Travel & Street Photographer,"ğŸ“ Chicago & SF-Based
ğŸ“¸ Capturing cities & hidden gems
ğŸ‘‡ğŸ»Click link below for my YouTube & more!",385.0,475.0,0.0,65.0
thekevshot,https://www.instagram.com/thekevshot,Kevin RodrÃ­guez,"Street Photographer ğŸ“¸
BogotÃ¡ D.C ğŸ“ğŸ‡¨ğŸ‡´
Curator @viststreet",1219.0,392.0,4.0,57.0
prathi_muralidhara,https://www.instagram.com/prathi_muralidhara,Prathibha ğŸ“¸ Travel & Street Photographer,"ğŸ“ Germany 
â–«ï¸Travel and Street Photography 
â–«ï¸Photography Resources and blog ğŸ‘‡ğŸ¾",1590.0,810.0,27.0,224.0
ashrafularefin,https://www.instagram.com/ashrafularefin,ashraful arefin,Also known as @monsieur_arefin,238490.0,627.0,25.0,585.0
___hance___,https://www.instagram.com/___hance___,Terry | Street Photographer,"ğŸ“¸ Fujifilm X100v & ğŸ“· Fujifilm XT3
- -
Based in Cork City
DM for Commissions",2523.0,2746.0,7.0,467.0
snapsbyfox,https://www.instagram.com/snapsbyfox,Roman Fox,"ğŸ“ All over the place 
ğŸ“· I take photos and travel
ğŸ”» Presets | Books | Guides | Blog",131977.0,302.0,86.0,1461.0
lkazphoto,https://www.instagram.com/lkazphoto,Lukasz Palka,"ğŸ“· Tokyo Photographer â€” urban and street photography from the Tokyo metropolis.
Purchase my book TOKYO UNSEEN:",30407.0,2136.0,5.0,916.0
street_photo_dasha,https://www.instagram.com/street_photo_dasha,Daria Orlianska,"ğŸ‘©â€ğŸ’»Game Producer 
ğŸ“· Street photography 
Â«The camera is an instrument that teaches people how to see without a camera.â€
â€• Dorothea Lange",1403.0,1544.0,8.0,1318.0
makuto_r50,https://www.instagram.com/makuto_r50,Makuto /ãƒã‚¯ãƒˆ,"Hola soy Makuto ğŸ‡ªğŸ‡¸
Amateur Street Photographer ğŸ“¸
Not a pro, just enjoy capturing moments ğŸ¤
From ğŸ‡¯ğŸ‡µ>ğŸŒ",173364.0,132.0,0.0,167.0
prague.spc,https://www.instagram.com/prague.spc,Prague Street Collective,"A collective of street photographers in Prague. 
Founder: @clondon
#PragueSPC to be featured
Exhibition now on @ezrasbagels",545.0,139.0,1.0,104.0
tkstreetphotography,https://www.instagram.com/tkstreetphotography,TK Street Photography,"Follow on Tiktok
Everybody deserves ğŸ”¥ pics
& yes they are really free ğŸ˜‚ TAG ME
ğŸ“Statesboro
ğŸ“¸ I take pics & talk to people",1957.0,342.0,0.0,65.0
chicagostreetphotographer,https://www.instagram.com/chicagostreetphotographer,Keith Yearman,One of my public galleries.. Street photography/photojournalism. Support appreciated: https://venmo.com/keithyearman,848.0,248.0,0.0,7172.0
edwarnyc,https://www.instagram.com/edwarnyc,Edwar Amean,Founder of @kliknyc Book 30min Photoshoot + your video on the Billboard + 360 video + a printed photo for $99 code (edwarnyc)ğŸ‘‡ğŸ‘‡ğŸ‘‡,532407.0,1325.0,16.0,55.0
issakhari,https://www.instagram.com/issakhari,ISSA KHARI,"â™Œï¸â˜‰ â€¢ â™‰ï¸â˜½ â€¢ â™ï¸â†‘
â€œA Professional People Watcherâ€. Street, Event, Portrait, Street style, Documentary, & Aerial Photography.",4411.0,4342.0,2.0,166.0
lindawisdomphotography,https://www.instagram.com/lindawisdomphotography,Linda Wisdom Photography,ğŸ“¸ Professional Photographer & Tutor ğŸ‘‰ JOIN US - London Photowalks visit: bit.ly/LWPEVENTS ğŸŸï¸ Use code: EARLYBIRDAUG15 for 15% off Aug events,18885.0,3855.0,8.0,286.0
takahashi_naoya_candid,https://www.instagram.com/takahashi_naoya_candid,Naoya Takahashi / é«˜æ©‹ç›´å“‰,"ğŸ—¼Tokyo, Japan. Streetphoto
Snapï¼š@takahashi_naoya
@streetphotographyinternational Awards 22 Finalist
@tokyocameraclub 10 Viral photographers 23",17001.0,432.0,17.0,465.0
lang_shot_photography,https://www.instagram.com/lang_shot_photography,Adam Lang,"Newcastle Upon Tyne
Street Photography, Travel & Portraits
Sony Alpha & Tamron
Email - langshot@btinternet.com",14351.0,1627.0,1.0,1287.0
jacobgoldenstreet,https://www.instagram.com/jacobgoldenstreet,Jacob Golden,"Street Photography and Street Portraits. 
Capturing everyday life as I see it. ğŸ“¸
Sacramento, CA",669.0,524.0,2.0,340.0
ksenia.shupenya,https://www.instagram.com/ksenia.shupenya,Street Photographer | B&W | Tallinn,"Urban life, light, and silence.
Portraits â¡ï¸ @black.samovar.portraits",450.0,333.0,14.0,84.0
bali.sunnypeople,https://www.instagram.com/bali.sunnypeople,Street style Bali photographer / reels,"Sunny place with sunny people create by @disaim 
â€¢for cooperation/shooting- DMâœ‰ï¸
â€¢@plemya.concept",252813.0,4.0,5.0,31.0
street_crow_photography,https://www.instagram.com/street_crow_photography,STREET CROW PHOTOGRAPHY  /  Vancouver Wa.,"J.R. / Van. Washington  /  Retired Steel Worker / Animal Lover / Photographer  since 2020,    
In it for the animals not the Crypto $",10625.0,7393.0,1.0,4220.0
streetphoto215,https://www.instagram.com/streetphoto215,Brandon,"Also know as #BroadStreetBrandon
Street photographer. ğŸ“Philly 
Lifestyle ğŸ“Philly
ğŸ“· Fujifilm 
ğŸ“· Nikon",780.0,519.0,1.0,240.0
streetartorama,https://www.instagram.com/streetartorama,Alexandra | street art photographer,"No street art*no lifeğŸ’¥!
ğŸ“¸ focus on Hong Kong ğŸ‡­ğŸ‡° 
Member @graffitikrew ğŸ“¸
Chief Storyteller @wanderlustwalkshongkong",4262.0,846.0,68.0,1795.0
floriankutschera,https://www.instagram.com/floriankutschera,Street Photography | Vienna,"Hey, I'm a passionate photographer who shoots mostly Street Photography.
â–ªï¸ğŸ“: Vienna, Austria
â–ªï¸ğŸ“·: Sony Alpha 7 III
â–ªï¸ğŸ”’I",575.0,409.0,5.0,171.0
londonstreet777,https://www.instagram.com/londonstreet777,Back to Street Photography,Street photography,4455.0,440.0,6.0,1269.0
chris_silk_street,https://www.instagram.com/chris_silk_street,Chris Silk Street Photography,Street photographer from the UK. Winner: British Photography Awards Street Photographer 2020.,1827.0,388.0,0.0,311.0
pvdstreet,https://www.instagram.com/pvdstreet,Providence Street Photography,"pvdâ€™s 1st photo collective 
EST 2015 
#PVDSTREET
Founder â€” @thejaydavani",6489.0,280.0,9.0,1901.0
nyc.street.shots,https://www.instagram.com/nyc.street.shots,Wister Hitt,B&W street photographer based in New York City aiming to capture moments of humanity.,3253.0,907.0,6.0,134.0
marcinryczek_photography,https://www.instagram.com/marcinryczek_photography,Marcin Ryczek,"Photographer from Poland
Fine art prints: mail@marcinryczek.com",29946.0,1188.0,1.0,233.0
streetlevelphotos,https://www.instagram.com/streetlevelphotos,Ben | London Street Photography,"ğŸ‡¬ğŸ‡§ Gloucestershire / London
ğŸ“· @sony.unitedkingdom Shooter",10430.0,3457.0,2.0,690.0
happiestplacephotography,https://www.instagram.com/happiestplacephotography,Jaysen ğŸ“¸,"Husband, Father, Disnerd
ğŸ“¸ Sony A7Éªv / Fuji X100VI
ğŸ° @dlrmagazine @wdwmagazine @dclmagazine 
Non-Disney: @jaysenwhitephotography",23047.0,1324.0,1.0,686.0
daydreamdutchie,https://www.instagram.com/daydreamdutchie,Freya || Street Photography,"ğŸ“¸ Street photography Europe  
ğŸŒ† Fragments of strangers
ğŸ«¶ğŸ½ Everyday poetry in passing moments
ğŸ“ˆ Learning & experimenting - finding my voice",1762.0,764.0,26.0,1087.0
yyc_street_photography,https://www.instagram.com/yyc_street_photography,Paul Park | Visual Storyteller,"ğŸ“ Based in Calgary ğŸ‡¨ğŸ‡¦
ğŸ¥ All original photographs and videos by me
â¤ï¸J",347592.0,3764.0,4.0,1413.0
swimstones,https://www.instagram.com/swimstones,Swimstones.com (Paul Carruthers),"Rank Uk #1 Street Photographer - Oneeyedland, TIFA - Gold Winner. British Life POTY. 2nd ND Awards, R/U Head On Photo Awards, 2nd Fine Art Awards.
ğŸ†ğŸ“¸",1574.0,3326.0,7.0,320.0
bold_street_guy,https://www.instagram.com/bold_street_guy,Dave,Liverpool sartorial photographer. I stop people on Bold Street and take portraits. Looking for alt models. #tfpshooting Also lover of jellybeans.,14699.0,7235.0,10.0,2192.0
easystreetnyc,https://www.instagram.com/easystreetnyc,Jimmy Park,"Just a diary of New York City.
 ğŸ™ï¸ğŸ—½ğŸ“·
Street photographer. New York City. Brooklyn.",13705.0,1311.0,2.0,476.0
shootnycity,https://www.instagram.com/shootnycity,Leanne Staples,She/her ShootNewYorkCity.com #nyc  #streetphotographer  providing #workshops & tours for 10+ years. Check out the next street photography workshop,2908.0,1382.0,2.0,1468.0
thepaulharrison,https://www.instagram.com/thepaulharrison,Paul Harrison,Iâ€™m not that bad. Stuff and more stuff â¬‡ï¸,7678.0,1436.0,0.0,356.0
leylakuhnphotography,https://www.instagram.com/leylakuhnphotography,Santa Cruz Lifestyle Photographer,"Unconventional & Timeless.
Leader of The Shit Show. 
Always advocating Human Rights and Diversity.
Inclusive AFğŸ³ï¸â€ğŸŒˆğŸ–¤ğŸ’—ğŸ«¶ğŸ½âš¡ï¸Bay Area and beyond.",1792.0,3181.0,9.0,1547.0
jordanviision,https://www.instagram.com/jordanviision,Atlanta Photographer & Director ğŸ‘,"Capturing Culture & Feels in the World of Nostalgiaâœ¨
Commercial + Editorial Storyteller 
Founder of @sotastudioss @viisionaryleague @agape_vii",48174.0,7256.0,11.0,568.0
underground_nyc,https://www.instagram.com/underground_nyc,Aaron âœŠğŸ¾,"ğŸ“¸ NYC-Based Photographer
âœ¨ Specializing in Portraits & City Stories
ğŸ“… Book Your Next Photo Shoot Now! â¬‡ï¸",258158.0,768.0,33.0,3792.0
giant_evertonian,https://www.instagram.com/giant_evertonian,John St - Urban / Street,"â€¢|1 timeâ€¢1 meetingâ€¢1 moment|â€¢
Images unstaged & my own
Fuji XT5 XT3 XE3 XH1 X70 GRII 
Host @streetlife.podcast
Curator @thepictorial.list",12687.0,1289.0,27.0,4080.0
charlotte.street.photographer,https://www.instagram.com/charlotte.street.photographer,Charlotte Street Photographer,Also check out @james.helle....I shoot film and fujifilm,2938.0,101.0,0.0,205.0
iamsakibakhter,https://www.instagram.com/iamsakibakhter,SAK | Street Photography Aficionado,"SAK | Street Photographer
ğŸ“¸ Turning city street into timeless story
âœ¨ Finding beauty in the everyday #cphnutshell
ğŸŒ Copenhagen  Open to collaboration",11462.0,3138.0,25.0,924.0
markjdavidson,https://www.instagram.com/markjdavidson,Mark Davidson | Melbourne,"â‡² radio producer â€¢ photographer
âŸ Co-host @streetlife.podcast",9452.0,2436.0,40.0,314.0
themacaronesian,https://www.instagram.com/themacaronesian,The Macaronesian,ğŸ“Las Palmas de Gran Canaria,5145.0,2685.0,43.0,489.0
longislandstreetphotography,https://www.instagram.com/longislandstreetphotography,Long Island Street Photography,,71.0,40.0,0.0,27.0
wowwy10,https://www.instagram.com/wowwy10,Dani C - Streetphotographer,"Candidly photographing moments since 2008     
Street Photographer
@thegazeforum
#wowednesday #thegazeforum",1930.0,1088.0,13.0,473.0
itsbaghead,https://www.instagram.com/itsbaghead,Izzy Rodriguez | Street Photographer,"Your Friendly Neighborhood Street Photographer and Poet
Marketing Expert
Exhibiting Artist Member: @pvdartclub
Personal IG: @isseniel ğŸ‡©ğŸ‡´
ğŸ“PVD",1742.0,140.0,0.0,116.0
thevetiver,https://www.instagram.com/thevetiver,Emily,"Brooklyn
licensing@kintzing.com",28644.0,671.0,0.0,234.0
muhammadbalochhh,https://www.instagram.com/muhammadbalochhh,Muhammad.,"Street Life Photographer.
ğŸ‘• @vshey.co",73144.0,184.0,20.0,1025.0
jeff_tidwell_street,https://www.instagram.com/jeff_tidwell_street,Jeff Tidwell,"Reality Photographer - Denver, CO | Too Many Cameras | Digital & Analog l Member of @denver.spc |  100% Verified Human Photography, NO AI",2051.0,1205.0,1.0,648.0
juliadean_la_streetshooter,https://www.instagram.com/juliadean_la_streetshooter,Julia Dean,"Street Shooter,Documentary Photographer,Writer, Educator,Director of â€œThe L.A. Project,â€Founder of Los Angeles Center of Photography, in LA 30 years",2517.0,168.0,0.0,472.0
bangkokstreetphotography,https://www.instagram.com/bangkokstreetphotography,Bangkok Street Photography,"My photos of Southeast Asia!
.
Thank you for the love and support! 
.
#bangkokstreetphotography",498.0,157.0,1.0,483.0
coolboip,https://www.instagram.com/coolboip,NYC Brand & Street Photographer,"PUKA 
- Here To Help Artist Bring Their Vision To Life Thru Photos
â€¢ Studio + Street Sessions 
â€¢ 10+ Years Of Artist Trust 
â€¢ Book Now For August ğŸ“¸",4103.0,4716.0,6.0,3010.0
nomadstreetphotography,https://www.instagram.com/nomadstreetphotography,Nomad Street Photographer ğŸ‡§ğŸ‡·,"Now in Bangkok ğŸ‡¹ğŸ‡­
Anthropology | Street | Documentary
By @alexandrenomad
Camera and IPhone photos",185.0,63.0,1.0,71.0
mercystreetstudio,https://www.instagram.com/mercystreetstudio,Erin Moore,"Award-winning, nationally published photography team specializing in modern portraiture.
Personal acct: @geminiinthehouse",3157.0,37.0,8.0,4368.0
londonstreetphotofestival,https://www.instagram.com/londonstreetphotofestival,LSPF,"London Street Photography Festival
Cancelled for 2022, see you in 2023",8014.0,215.0,0.0,293.0
nataliezepp,https://www.instagram.com/nataliezepp,PHOTOJOURNALIST | TRAVEL & STREET PHOTOGRAPHER,"ğŸ“· Life in motion. Moments in focus.
ğŸ“Pensacola, FL âœˆï¸ Worldwide 
(Birth + Family ğŸ“¸ at @pensacolabirthphotographer)",2720.0,3870.0,24.0,284.0
gregory_streetphoto,https://www.instagram.com/gregory_streetphoto,Atlanta Street Photographer- Gregory Philips,Street photography by Gregory Philips. You can see his portrait and professional work at gregory_philips,106.0,5.0,0.0,66.0
isaacdotphotography,https://www.instagram.com/isaacdotphotography,Isaac's Street Photography,"Street Photographer ğŸ“¸
Perth WA ğŸ‡¦ğŸ‡º
Moody Tones and Faded Aesthetic
DM for collabs and inquiries",191.0,137.0,1.0,116.0
leicesterstreetphotographers,https://www.instagram.com/leicesterstreetphotographers,Leicester Street Photographers,"Exploring the streets of Leicester with a camera ğŸ“¸ğŸ“±Social Media module @ DMU
@charlottelfish
@ryan.guinn
@marcus.boothby",143.0,43.0,0.0,23.0
shayna.pitch,https://www.instagram.com/shayna.pitch,Street Photographer,"ğŸ“Ubud, Bali",6792.0,3763.0,0.0,996.0
framed_capture,https://www.instagram.com/framed_capture,Vancouver Street Photographer,"Capturing candid moments on the Street
Frames from: Vancouver, BC
-
Sometimes colour, sometimes black and white, always composing!
-
ğŸ“· -> Canon M50 II",969.0,915.0,0.0,101.0
fxbg_street_photography_,https://www.instagram.com/fxbg_street_photography_,FXBG Street Photography,"Official Street Photography Collective in FXBG, VA . Meeting 1st Friday of every month at Curitiba Art Cafe (6:30pm).",2130.0,585.0,2.0,1751.0
thepovphotoguy,https://www.instagram.com/thepovphotoguy,THE POV PHOTO GUY,"MAIN account @danielhorvathofficial 
StreetStyle ğŸ“¸: @styletaster 
MY PRESETS+POV YOUTUBE SERIES links below
#nft collection is on FND and OpenSea
ğŸ‘‡ğŸ»",5319.0,561.0,2.0,148.0
jjreyes_t,https://www.instagram.com/jjreyes_t,Juan JosÃ© Reyes,"Street Photographer 
Founder of @miamistreetphotographyfestival",3483.0,3445.0,1.0,877.0
shotsbyrolf,https://www.instagram.com/shotsbyrolf,Rolf | Street Photographer,"Street Photographer living in AMS.
Unscripted, unfiltered, unforgettable frames.",2879.0,1.0,1.0,5.0
mgyoungphotography,https://www.instagram.com/mgyoungphotography,Michael Young,"Ricoh GR Ambassador
ğŸ‘¥ @everydayblackamerica I @diversifyphoto | @kamoinge_images 
Limited Edition Prints available on demand. DM if interested",8680.0,7492.0,20.0,10189.0
streetphotomag,https://www.instagram.com/streetphotomag,Street Photography Magazine,"Digital Magazine for Street Photographers 
Creator: @rbpatt 
Editor: @ashley_riffo 
#streetphotomag",7781.0,1421.0,4.0,931.0
sarahstreetphotography,https://www.instagram.com/sarahstreetphotography,Sarah Street Photography,"Documenting people, places and things since 2011. Lover of architecture and travel. Cat obsessed. Sometimes I bake things.
Creator of @floretandfringe",4503.0,2469.0,6.0,2600.0
duncantakesphotos,https://www.instagram.com/duncantakesphotos,Duncan Cox Street Photography,I thought Iâ€™d try my hand to a bit of street photography,85.0,90.0,0.0,89.0
siegfried_hansen,https://www.instagram.com/siegfried_hansen,Siegfried Hansen,Fine Art - Street photography made in Germany - Workshops und Talks - Ordnung im Chaos. Linien im Leben. Die Strasse als BÃ¼hne,45725.0,1297.0,4.0,232.0
f15cz,https://www.instagram.com/f15cz,Francesco Catanzaro | Urban and Street Photographer,"Sicilian Engineer_Architect ğŸ‡®ğŸ‡² | Based in #Rome
Amateur #photographer ğŸ“· | #fujifilm
Photograph What I FeelğŸ«€
All photos are mine Â©ï¸
#street ğŸ›£",3653.0,983.0,23.0,411.0
grahamstreetphotography29335,https://www.instagram.com/grahamstreetphotography29335,Graham Street Photography,~~Emelee and Jennifer~~,100.0,121.0,0.0,45.0
christiancyfus,https://www.instagram.com/christiancyfus,ğŸ”´ Street Photography Frankfurt ğŸ–¤ğŸ¤,"Fine art photos available for purchase.
Feel free to reach out. ğŸ”´
ğŸ“based in Frankfurt am Main
ğŸŒ Travel & Street Photography
#leicam #leicaq2",2403.0,1214.0,9.0,1058.0
the_nick_turpin,https://www.instagram.com/the_nick_turpin,Nick Turpin,London based Commercial Photographer of contemporary urban life. #streetphotography #architecture #interiors Instigator #canpubphoto,25380.0,1699.0,6.0,553.0
jordanmatter,https://www.instagram.com/jordanmatter,Jordan Matter,"ğŸ’¥Kids Choice winners 2024 & 2025
ğŸ’¥Webby Award winner 2025
ğŸ’¥People Magazine Top 50 Creators 2024
ğŸ’¥31M subscribers on YouTube â¬‡ï¸",2374044.0,2029.0,8.0,4230.0
itsbleg,https://www.instagram.com/itsbleg,Bleg,"ğŸŒ Available worldwide
ğŸ‡°ğŸ‡· Currently in Korea
ğŸ“© Contact: itsbleg@gmail.com
ğŸ“¸ @by.bleg",1256891.0,829.0,12.0,287.0
fernando_pedro_salgado,https://www.instagram.com/fernando_pedro_salgado,Fernando Pedro Salgado,"ğŸ“· Street photography
âš™ï¸ Content-Partner @kfconcept 
ğŸ¥ @insta360 
ğŸ“† Workshops & Gears â¬‡ï¸",118289.0,1278.0,9.0,1128.0
dawneagleton_,https://www.instagram.com/dawneagleton_,Dawn Eagleton,"ğŸ“Ibiza
Candid Street Portraits
FUJIKINA FESTIVAL & FUJIFILM X-E5â¬‡ï¸",25499.0,1788.0,1.0,298.0
sutejpannu,https://www.instagram.com/sutejpannu,Sutej Singh Pannu,"Infinite space of non-dual existence 
@sutej.pannu @sutej_pannu
Lightroom presets link below",828503.0,27.0,19.0,592.0
sonyalpha,https://www.instagram.com/sonyalpha,Sony | Alpha,"The official Instagram for Sony Alpha. ğŸ“¸
PREORDER the new RX1R III NOWğŸ‘‡
Tag @sonyalpha #SonyAlpha to be featured.",2451880.0,212.0,8.0,4337.0
street_olivia,https://www.instagram.com/street_olivia,Liv Street,"Mixed media content creator for all things music 
Editorial Photographer
For ğŸ“¸ğŸ¥ bookings DM me or email: livstreet8@gmail.com
@livfromthestreets",5013.0,4069.0,34.0,243.0
leannestreetphotography,https://www.instagram.com/leannestreetphotography,Leanne Street Photography,"Wedding & Family photographer, chasing moments and documenting memories.
Hampshire, UK.
www.leannestreetphotography.co.uk",1274.0,808.0,6.0,422.0
rushstreetphotography,https://www.instagram.com/rushstreetphotography,Iowa Wedding Photographer,"Ali Popken
Weddings & elopements
Intentional + timeless 
Capturing how you felt!
Exclusively Inclusive ğŸŒˆ",4787.0,2185.0,1.0,1198.0
greystreetphotography,https://www.instagram.com/greystreetphotography,Grey Street Photography,ğŸ“¸ : @danielle.vengrove âœ¨ she could change everything about her using colors bold and bright ğŸ¤dmb,410.0,406.0,3.0,377.0
visualsofisa,https://www.instagram.com/visualsofisa,Isaias| Street Photography | Atlanta,"Boricua ğŸ‡µğŸ‡· in Atlanta
ğŸ @grainsofisa",3685.0,2192.0,0.0,308.0
robbiequinnnyc,https://www.instagram.com/robbiequinnnyc,robbie quinn,"Photographer, Artist
Author of Street Unicornsâ„¢ï¸
Get your copies here:",18267.0,1290.0,3.0,742.0
streetphotogldn,https://www.instagram.com/streetphotogldn,Street Photography London,Now all urban and street photographs on @nicholasgoodden or visit the link â¬‡ for more fresh ğŸ“·,6500.0,19.0,0.0,112.0
humansofny,https://www.instagram.com/humansofny,Humans of New York,"New York City, one story at a time. Created by Brandon Stanton. â€˜Dear New York,â€™ featuring hundreds of new stories, coming in October. Preorder below:",12855676.0,563.0,1.0,5800.0
,https://www.instagram.com/popular/street-photography-tokyo/,,,,,,
david_streetphotography,https://www.instagram.com/david_streetphotography,David - Street Photographer,"Street Photography in Rockhampton, Australia. 
Photography taken by these devices,
#CanonEOS1300D || #iPhoneX || #SamsungGalaxyNote9",118.0,691.0,0.0,139.0
cameronthomsenphotography,https://www.instagram.com/cameronthomsenphotography,Cameron Thomsen,"Seattle Photographer
â€”â€”â€”â€”â€”â€”â€”â€”â€”
ğŸ“Seattle, WA
ğŸ“· #SonyA7RV
ğŸ‘€ @SeattleAfterDark
â€”â€”â€”â€”â€”â€”â€”â€”â€”
Airbnb Experience in Seattle",3761.0,2456.0,6.0,261.0
